<?xml version="1.0" encoding="UTF-8"?>
<project-private xmlns="http://www.netbeans.org/ns/project-private/1">
    <editor-bookmarks xmlns="http://www.netbeans.org/ns/editor-bookmarks/2" lastBookmarkId="0"/>
    <open-files xmlns="http://www.netbeans.org/ns/projectui-open-files/2">
        <group>
            <file>file:/C:/Users/HP/Documents/SEMESTER%203%20AMANDA/ProyekAkhir/src/proyekakhir/JFrame2.java</file>
            <file>file:/C:/Users/HP/Documents/SEMESTER%203%20AMANDA/ProyekAkhir/src/proyekakhir/JFrame1.java</file>
            <file>file:/C:/Users/HP/Documents/SEMESTER%203%20AMANDA/ProyekAkhir/src/proyekakhir/JFrame5.java</file>
            <file>file:/C:/Users/HP/Documents/SEMESTER%203%20AMANDA/ProyekAkhir/src/proyekakhir/koneksi.java</file>
            <file>file:/C:/Users/HP/Documents/SEMESTER%203%20AMANDA/ProyekAkhir/src/proyekakhir/JFrame4.java</file>
            <file>file:/C:/Users/HP/Documents/SEMESTER%203%20AMANDA/ProyekAkhir/src/proyekakhir/JFrame6.java</file>
            <file>file:/C:/Users/HP/Documents/SEMESTER%203%20AMANDA/ProyekAkhir/src/proyekakhir/JFrame3.java</file>
        </group>
    </open-files>
</project-private>
